MagicNumber,PrFact,ToOptimize,Pair,Period
8118101,0.4794964484488865,1,USDCHF,M15
8118103,0.5724107001855705,1,EURUSD,M15
8118104,0.6911081833384614,1,USDJPY,M15
8118105,0.29966774562756143,1,USDCAD,M15
8118110,0.38681111614717356,1,EURJPY,M15
