MagicNumber,PrFact,ToOptimize,Pair,Period
8118106,0.5391202087391128,1,AUDUSD,M15
8118111,0.5748211798588325,1,GBPCHF,M15
8118112,0.6009692115725023,1,CADJPY,M15
8118113,0.6428948129497627,1,GBPJPY,M15
8118117,0.5561656951367183,1,AUDJPY,M15
8118118,0.24693392340104992,1,CHFJPY,M15
8118119,0.6448695186090918,1,EURNZD,M15
